{
  "images" : [
    {
      "size" : "20x20",
      "idiom" : "iphone",
      "filename" : "图层 1iPhoneNotification_20pt@2x-1.png",
      "scale" : "2x"
    },
    {
      "size" : "20x20",
      "idiom" : "iphone",
      "filename" : "图层 1iPhoneNotification_20pt@3x-1.png",
      "scale" : "3x"
    },
    {
      "size" : "29x29",
      "idiom" : "iphone",
      "filename" : "图层 1iPhoneSpootlight5_29pt@2x-1.png",
      "scale" : "2x"
    },
    {
      "size" : "29x29",
      "idiom" : "iphone",
      "filename" : "图层 1iPhoneSpootlight5_29pt@3x-1.png",
      "scale" : "3x"
    },
    {
      "size" : "40x40",
      "idiom" : "iphone",
      "filename" : "图层 1iPhoneSpootlight7_40pt@2x-1.png",
      "scale" : "2x"
    },
    {
      "size" : "40x40",
      "idiom" : "iphone",
      "filename" : "图层 1iPhoneSpootlight7_40pt@3x-1.png",
      "scale" : "3x"
    },
    {
      "size" : "60x60",
      "idiom" : "iphone",
      "filename" : "图层 1iPhoneApp_60pt@2x-1.png",
      "scale" : "2x"
    },
    {
      "size" : "60x60",
      "idiom" : "iphone",
      "filename" : "图层 1iPhoneApp_60pt@3x-1.png",
      "scale" : "3x"
    },
    {
      "size" : "1024x1024",
      "idiom" : "ios-marketing",
      "filename" : "图层 1store_1024pt.png",
      "scale" : "1x"
    },
    {
      "size" : "20x20",
      "idiom" : "ipad",
      "filename" : "图层 1iPadNotifications_20pt.png",
      "unassigned" : true,
      "scale" : "1x"
    },
    {
      "size" : "20x20",
      "idiom" : "ipad",
      "filename" : "图层 1iPadNotifications_20pt@2x.png",
      "unassigned" : true,
      "scale" : "2x"
    },
    {
      "size" : "29x29",
      "idiom" : "ipad",
      "filename" : "图层 1iPadSpootlight5_29pt.png",
      "unassigned" : true,
      "scale" : "1x"
    },
    {
      "size" : "29x29",
      "idiom" : "ipad",
      "filename" : "图层 1iPadSpootlight5_29pt@2x.png",
      "unassigned" : true,
      "scale" : "2x"
    },
    {
      "size" : "40x40",
      "idiom" : "ipad",
      "filename" : "图层 1iPadSpootlight7_40pt.png",
      "unassigned" : true,
      "scale" : "1x"
    },
    {
      "size" : "40x40",
      "idiom" : "ipad",
      "filename" : "图层 1iPadSpootlight7_40pt@2x.png",
      "unassigned" : true,
      "scale" : "2x"
    },
    {
      "size" : "76x76",
      "idiom" : "ipad",
      "filename" : "图层 1iPadApp_76pt.png",
      "unassigned" : true,
      "scale" : "1x"
    },
    {
      "size" : "76x76",
      "idiom" : "ipad",
      "filename" : "图层 1iPadApp_76pt@2x.png",
      "unassigned" : true,
      "scale" : "2x"
    }
  ],
  "info" : {
    "version" : 1,
    "author" : "xcode"
  }
}